<?xml version="1.0" encoding="UTF-8"?>
<project-private xmlns="http://www.netbeans.org/ns/project-private/1">
    <editor-bookmarks xmlns="http://www.netbeans.org/ns/editor-bookmarks/2" lastBookmarkId="0"/>
    <open-files xmlns="http://www.netbeans.org/ns/projectui-open-files/2">
        <group>
            <file>file:/C:/Users/NITHYASRI/Documents/NetBeansProjects/CarRental/src/carrental/return_car.java</file>
            <file>file:/C:/Users/NITHYASRI/Documents/NetBeansProjects/CarRental/src/carrental/index_page.java</file>
            <file>file:/C:/Users/NITHYASRI/Documents/NetBeansProjects/CarRental/src/carrental/registration.java</file>
            <file>file:/C:/Users/NITHYASRI/Documents/NetBeansProjects/CarRental/src/carrental/Login.java</file>
            <file>file:/C:/Users/NITHYASRI/Documents/NetBeansProjects/CarRental/src/carrental/customer.java</file>
            <file>file:/C:/Users/NITHYASRI/Documents/NetBeansProjects/CarRental/src/carrental/rental.java</file>
        </group>
    </open-files>
</project-private>
